{
  "High": {
    "precision": 0.842391304347826,
    "recall": 0.6595744680851063,
    "f1-score": 0.7398568019093079,
    "support": 470.0
  },
  "Low": {
    "precision": 0.8920662853790878,
    "recall": 0.9686305732484076,
    "f1-score": 0.9287731887930376,
    "support": 6280.0
  },
  "Medium": {
    "precision": 0.8593171534348005,
    "recall": 0.7283821478382148,
    "f1-score": 0.7884506510662389,
    "support": 2868.0
  },
  "accuracy": 0.8818881264296111,
  "macro avg": {
    "precision": 0.8645915810539048,
    "recall": 0.7855290630572429,
    "f1-score": 0.8190268805895281,
    "support": 9618.0
  },
  "weighted avg": {
    "precision": 0.8798733397042168,
    "recall": 0.8818881264296111,
    "f1-score": 0.8776985641272222,
    "support": 9618.0
  }
}